{"cameraMode":{"drawMode":0,"name":"Shaded","section":"Shading Mode"},"sceneLighting":true,"audioPlay":false,"sceneViewState":{"m_AlwaysRefresh":false,"showFog":true,"showSkybox":true,"showFlares":true,"showImageEffects":true,"showParticleSystems":true,"showVisualEffectGraphs":true,"m_FxEnabled":false},"in2DMode":false,"pivot":{"x":6.906154632568359,"y":2.8222272396087648,"z":2.3998758792877199},"rotation":{"x":0.33524036407470705,"y":0.6209238171577454,"z":-0.33264270424842837,"w":0.6257897615432739},"size":4.968156337738037,"orthographic":false}