{"cameraMode":{"drawMode":0,"name":"Shaded","section":"Shading Mode"},"sceneLighting":true,"audioPlay":false,"sceneViewState":{"m_AlwaysRefresh":false,"showFog":true,"showSkybox":true,"showFlares":true,"showImageEffects":true,"showParticleSystems":true,"showVisualEffectGraphs":true,"m_FxEnabled":false},"in2DMode":false,"pivot":{"x":17.509502410888673,"y":18.54136085510254,"z":-20.953229904174806},"rotation":{"x":0.10875114798545838,"y":0.024848729372024537,"z":-0.002719226758927107,"w":0.9937618374824524},"size":2.1780734062194826,"orthographic":false}